{"cameraMode":{"drawMode":0,"name":"Shaded","section":"Shading Mode"},"sceneLighting":true,"audioPlay":false,"sceneViewState":{"showFog":true,"showMaterialUpdate":true,"showSkybox":true,"showFlares":true,"showImageEffects":true,"showParticleSystems":true},"in2DMode":false,"pivot":{"x":13.717527389526368,"y":6.828804016113281,"z":74.1001968383789},"rotation":{"x":-0.13763105869293214,"y":0.8432440161705017,"z":-0.2569793164730072,"w":-0.4516183137893677},"size":29.41918182373047,"orthographic":false}